ID,Category
0,1
1,9
2,10
3,0
4,5
5,5
6,8
7,9
8,2
9,0
10,9
11,9
12,4
13,9
14,9
15,9
16,6
17,9
18,4
19,1
20,5
21,2
22,9
23,2
24,9
25,6
26,3
27,7
28,4
29,4
30,9
31,10
32,9
33,6
34,1
35,5
36,8
37,9
38,9
39,6
40,8
41,5
42,1
43,10
44,3
45,2
46,8
47,9
48,9
49,1
50,2
51,9
52,9
53,2
54,2
55,6
56,2
57,0
58,5
59,10
60,4
61,1
62,2
63,4
64,10
65,9
66,9
67,9
68,8
69,9
70,6
71,8
72,9
73,4
74,0
75,5
76,9
77,5
78,2
79,6
80,5
81,9
82,10
83,2
84,2
85,4
86,4
87,2
88,5
89,2
90,9
91,0
92,9
93,9
94,6
95,0
96,9
97,8
98,4
99,4
100,3
101,5
102,9
103,9
104,2
105,8
106,8
107,2
108,0
109,7
110,4
111,10
112,9
113,4
114,3
115,9
116,0
117,0
118,7
119,8
120,2
121,9
122,10
123,6
124,8
125,5
126,9
127,9
128,9
129,3
130,3
131,4
132,8
133,5
134,8
135,5
136,5
137,0
138,8
139,0
140,5
141,4
142,9
143,10
144,1
145,9
146,5
147,9
148,9
149,6
150,4
151,4
152,1
153,5
154,4
155,1
156,9
157,1
158,0
159,5
160,4
161,4
162,9
163,4
164,9
165,2
166,9
167,7
168,7
169,4
170,10
171,4
172,9
173,4
174,9
175,5
176,10
177,3
178,2
179,2
180,10
181,9
182,9
183,5
184,9
185,5
186,2
187,4
188,1
189,10
190,10
191,9
192,9
193,5
194,9
195,9
196,4
197,4
198,9
199,2
200,0
201,9
202,3
203,10
204,9
205,9
206,9
207,9
208,9
209,7
210,9
211,5
212,4
213,7
214,2
215,1
216,8
217,7
218,9
219,4
220,9
221,2
222,8
223,0
224,10
225,2
226,1
227,9
228,0
229,2
230,4
231,9
232,3
233,10
234,0
235,2
236,0
237,5
238,9
239,4
240,9
241,5
242,0
243,2
244,2
245,5
246,9
247,7
248,9
249,1
250,10
251,5
252,6
253,2
254,6
255,2
256,9
257,0
258,8
259,9
260,9
261,9
262,9
263,5
264,10
265,9
266,10
267,8
268,4
269,9
270,9
271,2
272,2
273,6
274,1
275,5
276,8
277,0
278,10
279,8
280,9
281,3
282,10
283,9
284,10
285,8
286,9
287,9
288,6
289,10
290,4
291,9
292,5
293,2
294,2
295,9
296,9
297,9
298,2
299,3
300,5
301,1
302,5
303,0
304,4
305,1
306,4
307,5
308,6
309,5
310,3
311,5
312,1
313,9
314,9
315,5
316,7
317,1
318,7
319,5
320,3
321,2
322,9
323,5
324,2
325,9
326,7
327,4
328,8
329,2
330,2
331,0
332,5
333,9
334,2
335,2
336,0
337,1
338,1
339,3
340,5
341,5
342,1
343,9
344,9
345,8
346,4
347,2
348,0
349,5
350,10
351,9
352,10
353,3
354,5
355,2
356,6
357,7
358,9
359,4
360,0
361,2
362,9
363,5
364,9
365,8
366,9
367,4
368,1
369,4
370,0
371,9
372,1
373,9
374,0
375,4
376,4
377,10
378,2
379,9
380,10
381,0
382,9
383,9
384,9
385,9
386,4
387,5
388,9
389,2
390,2
391,9
392,9
393,8
394,5
395,0
396,3
397,3
398,3
399,5
400,2
401,9
402,10
403,10
404,5
405,8
406,6
407,8
408,10
409,5
410,2
411,9
412,2
413,8
414,9
415,8
416,10
417,5
418,9
419,8
420,9
421,2
422,5
423,9
424,10
425,5
426,0
427,9
428,2
429,5
430,8
431,6
432,8
433,2
434,5
435,9
436,4
437,6
438,8
439,3
440,3
441,9
442,5
443,10
444,9
445,0
446,8
447,1
448,3
449,4
450,5
451,9
452,4
453,10
454,7
455,7
456,5
457,8
458,9
459,9
460,7
461,0
462,9
463,8
464,9
465,9
466,5
467,9
468,5
469,10
470,9
471,2
472,4
473,9
474,9
475,9
476,3
477,0
478,4
479,9
480,7
481,10
482,2
483,3
484,9
485,1
486,9
487,9
488,5
489,4
490,9
491,5
492,2
493,10
494,9
495,3
496,2
497,3
498,9
499,4
500,9
501,10
502,2
503,4
504,9
505,5
506,0
507,9
508,8
509,1
510,9
511,9
512,9
513,2
514,0
515,1
516,1
517,2
518,5
519,9
520,2
521,9
522,7
523,4
524,9
525,1
526,4
527,1
528,2
529,5
530,6
531,6
532,4
533,10
534,5
535,5
536,10
537,9
538,2
539,5
540,8
541,2
542,2
543,0
544,0
545,8
546,4
547,5
548,10
549,10
550,1
551,8
552,5
553,10
554,5
555,9
556,9
557,4
558,6
559,8
560,9
561,4
562,3
563,8
564,9
565,0
566,2
567,9
568,1
569,5
570,9
571,4
572,9
573,2
574,9
575,3
576,9
577,4
578,9
579,9
580,8
581,5
582,3
583,3
584,9
585,8
586,8
587,3
588,1
589,2
590,9
591,8
592,4
593,9
594,3
595,9
596,10
597,5
598,0
599,9
600,5
601,5
602,2
603,2
604,4
605,6
606,8
607,5
608,9
609,9
610,0
611,9
612,9
613,7
614,6
615,9
616,2
617,9
618,9
619,9
620,9
621,0
622,0
623,10
624,2
625,3
626,4
627,2
628,10
629,10
630,9
631,5
632,5
633,5
634,10
635,9
636,9
637,7
638,4
639,2
640,8
641,9
642,2
643,4
644,9
645,8
646,0
647,10
648,3
649,1
650,8
651,8
652,9
653,3
654,5
655,9
656,9
657,2
658,6
659,9
660,9
661,2
662,4
663,1
664,5
665,2
666,6
667,10
668,9
669,9
670,7
671,9
672,4
673,1
674,9
675,0
676,5
677,1
678,2
679,0
680,5
681,5
682,8
683,4
684,9
685,4
686,3
687,2
688,10
689,3
690,5
691,9
692,10
693,2
694,4
695,9
696,1
697,10
698,4
699,4
700,4
701,0
702,5
703,1
704,4
705,8
706,9
707,1
708,4
709,4
710,10
711,2
712,9
713,9
714,4
715,9
716,9
717,5
718,9
719,1
720,4
721,0
722,3
723,4
724,5
725,10
726,4
727,8
728,9
729,0
730,4
731,5
732,9
733,8
734,4
735,4
736,9
737,6
738,8
739,0
740,10
741,5
742,2
743,1
744,8
745,5
746,5
747,9
748,5
749,6
750,2
751,5
752,8
753,9
754,9
755,2
756,9
757,5
758,8
759,3
760,2
761,1
762,4
763,4
764,9
765,0
766,9
767,9
768,3
769,9
770,9
771,5
772,4
773,9
774,5
775,9
776,5
777,5
778,2
779,9
780,10
781,10
782,2
783,2
784,3
785,10
786,2
787,9
788,9
789,5
790,4
791,9
792,9
793,3
794,10
795,4
796,2
797,2
798,2
799,9
800,8
801,10
802,2
803,2
804,3
805,9
806,9
807,5
808,4
809,2
810,4
811,10
812,0
813,6
814,2
815,10
816,9
817,5
818,7
819,5
820,8
821,8
822,9
823,3
824,4
825,9
826,5
827,10
828,1
829,9
830,9
831,2
832,9
833,2
834,10
835,6
836,4
837,3
838,0
839,9
840,9
841,4
842,1
843,5
844,6
845,9
846,2
847,6
848,4
849,4
850,3
851,9
852,5
853,4
854,4
855,10
856,10
857,9
858,10
859,9
860,5
861,9
862,3
863,0
864,4
865,5
866,4
867,9
868,2
869,1
870,9
871,9
872,9
873,10
874,5
875,6
876,2
877,3
878,5
879,9
880,2
881,5
882,4
883,2
884,9
885,7
886,8
887,2
888,4
889,9
890,3
891,7
892,2
893,2
894,0
895,5
896,2
897,9
898,6
899,9
900,6
901,5
902,9
903,5
904,4
905,9
906,9
907,3
908,5
909,9
910,2
911,10
912,10
913,5
914,2
915,5
916,2
917,10
918,10
919,9
920,7
921,2
922,1
923,9
924,4
925,9
926,0
927,9
928,9
929,9
930,0
931,2
932,3
933,10
934,7
935,8
936,5
937,10
938,2
939,0
940,8
941,9
942,10
943,4
944,1
945,4
946,9
947,9
948,10
949,5
950,9
951,9
952,8
953,4
954,9
955,2
956,10
957,4
958,4
959,5
960,5
961,9
962,9
963,3
964,5
965,2
966,1
967,5
968,5
969,9
970,9
971,2
972,4
973,2
974,9
975,2
976,4
977,8
978,5
979,5
980,0
981,2
982,9
983,5
984,4
985,9
986,9
987,10
988,1
989,1
990,8
991,10
992,9
993,5
994,1
995,2
996,10
997,1
998,9
999,5
1000,4
1001,8
1002,9
1003,2
1004,2
1005,9
1006,3
1007,5
1008,2
1009,8
1010,4
1011,2
1012,9
1013,1
1014,7
1015,3
1016,9
1017,2
1018,9
1019,8
1020,5
1021,9
1022,9
1023,9
1024,9
1025,9
1026,9
1027,3
1028,8
1029,2
1030,9
1031,2
1032,6
1033,5
1034,9
1035,10
1036,4
1037,10
1038,9
1039,5
1040,4
1041,2
1042,2
1043,2
1044,9
1045,9
1046,7
1047,9
1048,7
1049,10
1050,9
1051,2
1052,8
1053,7
1054,9
1055,6
1056,2
1057,6
1058,4
1059,0
1060,8
1061,9
1062,4
1063,2
1064,9
1065,2
1066,2
1067,2
1068,2
1069,4
1070,6
1071,0
1072,0
1073,0
1074,2
1075,9
1076,10
1077,5
1078,6
1079,4
1080,2
1081,2
1082,5
1083,0
1084,6
1085,9
1086,2
1087,9
1088,2
1089,3
1090,4
1091,9
1092,2
1093,7
1094,4
1095,9
1096,2
1097,0
1098,8
1099,9
1100,2
1101,9
1102,9
1103,8
1104,5
1105,2
1106,9
1107,2
1108,9
1109,4
1110,10
1111,9
1112,5
1113,0
1114,0
1115,2
1116,5
1117,10
1118,8
1119,0
1120,2
1121,1
1122,4
1123,4
1124,10
1125,8
1126,2
1127,9
1128,5
1129,9
1130,10
1131,5
1132,2
1133,9
1134,9
1135,5
1136,9
1137,5
1138,6
1139,4
1140,5
1141,2
1142,8
1143,2
1144,10
1145,6
1146,0
1147,2
1148,2
1149,9
1150,9
1151,5
1152,8
1153,9
1154,9
1155,2
1156,10
1157,9
1158,9
1159,9
1160,5
1161,9
1162,10
1163,4
1164,0
1165,10
1166,9
1167,5
1168,5
1169,9
1170,0
1171,2
1172,3
1173,3
1174,5
1175,5
1176,2
1177,4
1178,9
1179,8
1180,2
1181,4
1182,3
1183,0
1184,4
1185,9
1186,5
1187,4
1188,5
1189,5
1190,9
1191,9
1192,5
1193,9
1194,0
1195,4
1196,9
1197,7
1198,10
1199,8
1200,2
1201,0
1202,10
1203,9
1204,4
1205,3
1206,7
1207,10
1208,9
1209,5
1210,0
1211,9
1212,10
1213,2
1214,1
1215,4
1216,1
1217,9
1218,6
1219,8
1220,5
1221,3
1222,5
1223,4
1224,6
1225,10
1226,8
1227,4
1228,3
1229,9
1230,4
1231,9
1232,9
1233,0
1234,9
1235,9
1236,7
1237,2
1238,9
1239,2
1240,4
1241,5
1242,0
1243,3
1244,9
1245,2
1246,10
1247,6
1248,5
1249,8
1250,2
1251,9
1252,2
1253,2
1254,9
1255,3
1256,5
1257,4
1258,5
1259,4
1260,8
1261,4
1262,0
1263,5
1264,2
1265,2
1266,3
1267,2
1268,6
1269,9
1270,10
1271,9
1272,4
1273,9
1274,9
1275,4
1276,8
1277,9
1278,0
1279,9
1280,2
1281,3
1282,9
1283,2
1284,6
1285,5
1286,3
1287,6
1288,9
1289,4
1290,4
1291,7
1292,9
1293,0
1294,5
1295,9
1296,1
1297,2
1298,0
1299,5
1300,9
1301,4
1302,6
1303,1
1304,8
1305,7
1306,7
1307,9
1308,9
1309,5
1310,10
1311,5
1312,5
1313,9
1314,9
1315,4
1316,8
1317,6
1318,6
1319,9
1320,2
1321,2
1322,4
1323,2
1324,5
1325,10
1326,7
1327,0
1328,10
1329,6
1330,2
1331,9
1332,7
1333,5
1334,4
1335,8
1336,2
1337,5
1338,4
1339,2
1340,7
1341,9
1342,9
1343,8
1344,2
1345,5
1346,5
1347,10
1348,3
1349,5
1350,5
1351,4
1352,2
1353,9
1354,4
1355,4
1356,9
1357,5
1358,3
1359,2
1360,9
1361,3
1362,4
1363,8
1364,5
1365,5
1366,2
1367,0
1368,2
1369,4
1370,9
1371,1
1372,4
1373,8
1374,10
1375,1
1376,9
1377,5
1378,9
1379,4
1380,9
1381,9
1382,9
1383,5
1384,9
1385,5
1386,3
1387,5
1388,10
1389,9
1390,9
1391,5
1392,9
1393,0
1394,10
1395,9
1396,4
1397,9
1398,9
1399,9
1400,9
1401,9
1402,3
1403,0
1404,9
1405,9
1406,5
1407,6
1408,9
1409,4
1410,4
1411,2
1412,9
1413,1
1414,9
1415,10
1416,8
1417,6
1418,6
1419,6
1420,4
1421,8
1422,4
1423,5
1424,9
1425,1
1426,10
1427,0
1428,9
1429,1
1430,5
1431,9
1432,4
1433,2
1434,10
1435,9
1436,4
1437,4
1438,8
1439,5
1440,10
1441,0
1442,9
1443,5
1444,8
1445,4
1446,9
1447,1
1448,2
1449,10
1450,2
1451,6
1452,0
1453,8
1454,9
1455,4
1456,6
1457,9
1458,9
1459,9
1460,6
1461,0
1462,4
1463,2
1464,1
1465,9
1466,3
1467,1
1468,8
1469,9
1470,5
1471,2
1472,3
1473,10
1474,0
1475,9
1476,9
1477,8
1478,9
1479,8
1480,6
1481,9
1482,10
1483,2
1484,2
1485,9
1486,2
1487,9
1488,0
1489,5
1490,5
1491,1
1492,9
1493,2
1494,8
1495,0
1496,4
1497,9
1498,2
1499,2
1500,4
1501,9
1502,4
1503,5
1504,5
1505,10
1506,5
1507,5
1508,0
1509,1
1510,9
1511,3
1512,9
1513,2
1514,7
1515,4
1516,9
1517,10
1518,9
1519,9
1520,4
1521,7
1522,5
1523,9
1524,0
1525,7
1526,3
1527,5
1528,2
1529,3
1530,4
1531,9
1532,6
1533,9
1534,1
1535,6
1536,10
1537,4
1538,9
1539,2
1540,9
1541,5
1542,2
1543,1
1544,1
1545,8
1546,2
1547,0
1548,5
1549,0
1550,9
1551,8
1552,2
1553,6
1554,9
1555,9
1556,0
1557,9
1558,9
1559,2
1560,4
1561,9
1562,0
1563,8
1564,4
1565,1
1566,1
1567,2
1568,6
1569,2
1570,9
1571,4
1572,2
1573,4
1574,6
1575,9
1576,4
1577,0
1578,10
1579,5
1580,9
1581,9
1582,10
1583,9
1584,8
1585,0
1586,9
1587,4
1588,9
1589,9
1590,2
1591,9
1592,2
1593,7
1594,4
1595,0
1596,0
1597,9
1598,9
1599,9
1600,5
1601,9
1602,3
1603,9
1604,2
1605,7
1606,9
1607,0
1608,7
1609,4
1610,3
1611,0
1612,5
1613,9
1614,3
1615,9
1616,9
1617,9
1618,4
1619,4
1620,4
1621,5
1622,2
1623,9
1624,7
1625,5
1626,2
1627,9
1628,5
1629,9
1630,2
1631,3
1632,4
1633,9
1634,8
1635,9
1636,5
1637,2
1638,9
1639,4
1640,3
1641,6
1642,1
1643,3
1644,9
1645,4
1646,4
1647,4
1648,9
1649,5
1650,2
1651,5
1652,10
1653,8
1654,10
1655,5
1656,2
1657,4
1658,10
1659,9
1660,5
1661,8
1662,5
1663,2
1664,2
1665,9
1666,4
1667,9
1668,9
1669,4
1670,4
1671,8
1672,9
1673,4
1674,5
1675,5
1676,5
1677,2
1678,5
1679,4
1680,3
1681,4
1682,5
1683,8
1684,2
1685,9
1686,4
1687,9
1688,5
1689,9
1690,5
1691,7
1692,4
1693,4
1694,8
1695,9
1696,9
1697,1
1698,10
1699,10
1700,8
1701,5
1702,2
1703,9
1704,5
1705,10
1706,9
1707,4
1708,9
1709,9
1710,4
1711,3
1712,4
1713,7
1714,2
1715,5
1716,10
1717,4
1718,2
1719,8
1720,6
1721,10
1722,5
1723,2
1724,0
1725,5
1726,2
1727,8
1728,4
1729,0
1730,5
1731,8
1732,4
1733,9
1734,1
1735,9
1736,4
1737,4
1738,0
1739,5
1740,6
1741,5
1742,3
1743,2
1744,9
1745,9
1746,2
1747,5
1748,1
1749,4
1750,3
1751,2
1752,9
1753,3
1754,9
1755,1
1756,4
1757,2
1758,8
1759,10
1760,9
1761,3
1762,9
1763,7
1764,10
1765,2
1766,4
1767,9
1768,4
1769,4
1770,2
1771,7
1772,10
1773,9
1774,10
1775,2
1776,0
1777,5
1778,2
1779,0
1780,8
1781,2
1782,9
1783,9
1784,8
1785,9
1786,4
1787,9
1788,6
1789,9
1790,0
1791,3
1792,3
1793,7
1794,5
1795,3
1796,2
1797,10
1798,4
1799,2
1800,4
1801,10
1802,10
1803,2
1804,1
1805,9
1806,5
1807,1
1808,9
1809,2
1810,9
1811,9
1812,4
1813,9
1814,2
1815,9
1816,5
1817,9
1818,10
1819,9
1820,4
1821,4
1822,9
1823,10
1824,9
1825,2
1826,9
1827,2
1828,0
1829,9
1830,8
1831,7
1832,5
1833,5
1834,10
1835,8
1836,9
1837,6
1838,8
1839,5
1840,2
1841,8
1842,5
1843,2
1844,7
1845,5
1846,2
1847,2
1848,9
1849,3
1850,1
1851,9
1852,4
1853,5
1854,8
1855,8
1856,2
1857,8
1858,9
1859,1
1860,9
1861,9
1862,2
1863,9
1864,9
1865,3
1866,9
1867,5
1868,2
1869,4
1870,2
1871,9
1872,7
1873,1
1874,9
1875,9
1876,4
1877,9
1878,9
1879,0
1880,6
1881,10
1882,5
1883,9
1884,9
1885,9
1886,9
1887,9
1888,8
1889,5
1890,5
1891,3
1892,4
1893,1
1894,0
1895,1
1896,9
1897,0
1898,9
1899,2
1900,5
1901,5
1902,8
1903,6
1904,4
1905,10
1906,4
1907,0
1908,10
1909,9
1910,9
1911,9
1912,2
1913,4
1914,4
1915,8
1916,5
1917,8
1918,9
1919,10
1920,2
1921,4
1922,9
1923,10
1924,5
1925,2
1926,9
1927,0
1928,10
1929,2
1930,8
1931,2
1932,7
1933,8
1934,9
1935,8
1936,4
1937,8
1938,1
1939,4
1940,10
1941,4
1942,1
1943,2
1944,4
1945,2
1946,9
1947,9
1948,0
1949,2
1950,2
1951,9
1952,9
1953,9
1954,9
1955,0
1956,2
1957,2
1958,2
1959,4
1960,8
1961,5
1962,4
1963,9
1964,0
1965,9
1966,4
1967,3
1968,9
1969,9
1970,9
1971,9
1972,3
1973,7
1974,4
1975,8
1976,4
1977,9
1978,8
1979,5
1980,8
1981,9
1982,5
1983,5
1984,4
1985,7
1986,10
1987,0
1988,5
1989,5
1990,10
1991,8
1992,9
1993,2
1994,7
1995,2
1996,5
1997,9
1998,4
1999,2
2000,9
2001,5
2002,4
2003,9
2004,4
2005,7
2006,9
2007,3
2008,4
2009,3
2010,0
2011,5
2012,2
2013,0
2014,9
2015,6
2016,4
2017,9
2018,0
2019,9
2020,7
2021,4
2022,2
2023,3
2024,6
2025,6
2026,3
2027,8
2028,9
2029,2
2030,9
2031,3
2032,7
2033,9
2034,5
2035,2
2036,6
2037,2
2038,9
2039,0
2040,9
2041,1
2042,0
2043,2
2044,7
2045,10
2046,4
2047,4
2048,9
2049,2
2050,4
2051,5
2052,9
2053,0
2054,9
2055,9
2056,9
2057,5
2058,5
2059,3
2060,2
2061,9
2062,9
2063,9
2064,9
2065,2
2066,5
2067,9
2068,9
2069,9
2070,10
2071,1
2072,4
2073,8
2074,9
2075,0
2076,9
2077,5
2078,2
2079,9
2080,0
2081,9
2082,2
2083,5
2084,2
2085,9
2086,7
2087,8
2088,2
2089,5
2090,9
2091,2
2092,0
2093,10
2094,9
2095,10
2096,9
2097,7
2098,5
2099,10
2100,0
2101,10
2102,3
2103,4
2104,4
2105,5
2106,9
2107,3
2108,3
2109,5
2110,6
2111,9
2112,1
2113,4
2114,9
2115,10
2116,9
2117,3
2118,2
2119,8
2120,2
2121,6
2122,9
2123,4
2124,5
2125,2
2126,9
2127,7
2128,9
2129,0
2130,5
2131,2
2132,4
2133,5
2134,9
2135,9
2136,4
2137,2
2138,1
2139,9
2140,4
2141,5
2142,7
2143,8
2144,9
2145,8
2146,4
2147,4
2148,2
2149,9
2150,0
2151,0
2152,9
2153,2
2154,9
2155,4
2156,8
2157,4
2158,5
2159,2
2160,9
2161,5
2162,5
2163,10
2164,4
2165,9
2166,9
2167,5
2168,9
2169,6
2170,3
2171,9
2172,10
2173,3
2174,6
2175,1
2176,9
2177,9
2178,9
2179,9
2180,10
2181,8
2182,10
2183,1
2184,2
2185,4
2186,0
2187,9
2188,9
2189,9
2190,9
2191,1
2192,2
2193,9
2194,9
2195,2
2196,10
2197,3
2198,8
2199,2
2200,9
2201,9
2202,9
2203,9
2204,7
2205,5
2206,9
2207,4
2208,5
2209,2
2210,4
2211,10
2212,9
2213,7
2214,2
2215,4
2216,9
2217,5
2218,9
2219,5
2220,5
2221,2
2222,9
2223,2
2224,5
2225,4
2226,8
2227,9
2228,4
2229,9
2230,2
2231,5
2232,7
2233,6
2234,9
2235,5
2236,2
2237,9
2238,10
2239,10
2240,8
2241,6
2242,2
2243,5
2244,4
2245,5
2246,9
2247,9
2248,5
2249,4
2250,7
2251,5
2252,5
2253,9
2254,9
2255,8
2256,10
2257,9
2258,3
2259,9
2260,6
2261,2
2262,7
2263,4
2264,4
2265,9
2266,9
2267,9
2268,9
2269,9
2270,8
2271,9
2272,4
2273,4
2274,8
2275,10
2276,9
2277,2
2278,5
2279,1
2280,2
2281,2
2282,3
2283,2
2284,9
2285,3
2286,8
2287,4
2288,5
2289,5
2290,9
2291,4
2292,5
2293,9
2294,2
2295,9
2296,5
2297,4
2298,6
2299,10
2300,5
2301,8
2302,2
2303,8
2304,4
2305,9
2306,5
2307,2
2308,9
2309,9
2310,9
2311,9
2312,2
2313,8
2314,9
2315,4
2316,3
2317,4
2318,2
2319,9
2320,5
2321,2
2322,9
2323,1
2324,9
2325,2
2326,6
2327,4
2328,2
2329,9
2330,2
2331,2
2332,2
2333,8
2334,10
2335,10
2336,6
2337,2
2338,0
2339,7
2340,8
2341,1
2342,9
2343,0
2344,5
2345,2
2346,10
2347,10
2348,9
2349,3
2350,9
2351,9
2352,9
2353,8
2354,4
2355,1
2356,0
2357,9
2358,6
2359,2
2360,4
2361,5
2362,3
2363,9
2364,4
2365,9
2366,9
2367,5
2368,2
2369,5
2370,5
2371,5
2372,10
2373,8
2374,2
2375,8
2376,10
2377,9
2378,1
2379,5
2380,4
2381,8
2382,4
2383,4
2384,5
2385,0
2386,4
2387,9
2388,9
2389,10
2390,5
2391,8
2392,5
2393,5
2394,0
2395,9
2396,4
2397,9
2398,0
2399,7
2400,9
2401,0
2402,4
2403,2
2404,10
2405,9
2406,4
2407,4
2408,1
2409,0
2410,2
2411,3
2412,10
2413,9
2414,10
2415,2
2416,9
2417,5
2418,9
2419,5
2420,8
2421,3
2422,4
2423,4
2424,5
2425,9
2426,1
2427,9
2428,6
2429,10
2430,6
2431,9
2432,6
2433,9
2434,5
2435,0
2436,5
2437,5
2438,10
2439,10
2440,10
2441,9
2442,5
2443,9
2444,8
2445,9
2446,9
2447,4
2448,0
2449,7
2450,9
2451,4
2452,2
2453,8
2454,3
2455,9
2456,9
2457,10
2458,4
2459,3
2460,9
2461,2
2462,9
2463,3
2464,9
2465,2
2466,5
2467,8
2468,10
2469,2
2470,9
2471,9
2472,9
2473,9
2474,8
2475,5
2476,9
2477,8
2478,4
2479,5
2480,2
2481,4
2482,2
2483,8
2484,2
2485,9
2486,5
2487,8
2488,0
2489,9
2490,9
2491,4
2492,9
2493,5
2494,9
2495,4
2496,9
2497,0
2498,3
2499,10
2500,1
2501,5
2502,3
2503,9
2504,5
2505,9
2506,9
2507,4
2508,5
2509,1
2510,2
2511,9
2512,2
2513,4
2514,10
2515,9
2516,5
2517,9
2518,10
2519,4
2520,9
2521,1
2522,9
2523,8
2524,5
2525,9
2526,9
2527,9
2528,5
2529,0
2530,9
2531,4
2532,9
2533,8
2534,10
2535,4
2536,8
2537,6
2538,10
2539,8
2540,8
2541,9
2542,2
2543,5
2544,4
2545,8
2546,6
2547,9
2548,2
2549,2
2550,9
2551,4
2552,5
2553,9
2554,7
2555,3
2556,5
2557,8
2558,9
2559,10
2560,9
2561,9
2562,0
2563,9
2564,2
2565,9
2566,2
2567,4
2568,10
2569,6
2570,7
2571,3
2572,4
2573,0
2574,5
2575,10
2576,2
2577,4
2578,3
2579,9
2580,2
2581,1
2582,9
2583,9
2584,9
2585,9
2586,10
2587,9
2588,4
2589,9
2590,9
2591,4
2592,9
2593,2
2594,10
2595,9
2596,10
2597,7
2598,5
2599,10
2600,0
2601,5
2602,2
2603,9
2604,9
2605,9
2606,0
2607,2
2608,8
2609,4
2610,8
2611,3
2612,6
2613,8
2614,3
2615,2
2616,0
2617,2
2618,5
2619,4
2620,7
2621,9
2622,4
2623,5
2624,9
2625,7
2626,2
2627,9
2628,9
2629,5
2630,5
2631,9
2632,7
2633,5
2634,6
2635,2
2636,1
2637,1
2638,9
2639,9
2640,4
2641,9
2642,0
2643,2
2644,5
2645,6
2646,5
2647,2
2648,2
2649,4
2650,5
2651,2
2652,4
2653,2
2654,2
2655,0
2656,9
2657,9
2658,5
2659,0
2660,3
2661,5
2662,2
2663,8
2664,3
2665,8
2666,8
2667,9
2668,6
2669,5
2670,4
2671,0
2672,2
2673,6
2674,2
2675,4
2676,2
2677,5
2678,9
2679,2
2680,6
2681,9
2682,9
2683,2
2684,2
2685,9
2686,2
2687,9
2688,10
2689,3
2690,2
2691,9
2692,2
2693,4
2694,4
2695,2
2696,9
2697,6
2698,4
2699,9
2700,3
2701,9
2702,4
2703,3
2704,5
2705,9
2706,8
2707,2
2708,4
2709,10
2710,2
2711,5
2712,5
2713,4
2714,5
2715,6
2716,8
2717,8
2718,9
2719,4
2720,5
2721,2
2722,2
2723,0
2724,9
2725,10
2726,9
2727,2
2728,4
2729,2
2730,0
2731,8
2732,3
2733,7
2734,5
2735,7
2736,3
2737,2
2738,5
2739,5
2740,4
2741,5
2742,10
2743,3
2744,1
2745,4
2746,7
2747,4
2748,6
2749,1
2750,8
2751,1
2752,8
2753,2
2754,4
2755,3
2756,8
2757,1
2758,3
2759,9
2760,9
2761,6
2762,3
2763,5
2764,9
2765,0
2766,1
2767,5
2768,5
2769,6
2770,0
2771,4
2772,9
2773,4
2774,10
2775,9
2776,0
2777,9
2778,9
2779,9
2780,9
2781,9
2782,6
2783,10
2784,0
2785,0
2786,9
2787,9
2788,8
2789,9
2790,9
2791,3
2792,4
2793,7
2794,4
2795,5
2796,8
2797,0
2798,3
2799,4
2800,0
2801,9
2802,5
2803,4
2804,10
2805,7
2806,9
2807,4
2808,9
2809,4
2810,9
2811,5
2812,7
2813,8
2814,2
2815,10
2816,8
2817,6
2818,5
2819,5
2820,4
2821,0
2822,4
2823,9
2824,5
2825,5
2826,2
2827,9
2828,5
2829,9
2830,9
2831,3
2832,7
2833,10
2834,0
2835,2
2836,8
2837,4
2838,5
2839,10
2840,9
2841,9
2842,5
2843,0
2844,9
2845,8
2846,9
2847,5
2848,10
2849,2
2850,9
2851,2
2852,4
2853,5
2854,9
2855,9
2856,9
2857,8
2858,2
2859,8
2860,5
2861,6
2862,8
2863,7
2864,5
2865,9
2866,5
2867,10
2868,4
2869,8
2870,9
2871,0
2872,5
2873,1
2874,10
2875,1
2876,4
2877,5
2878,4
2879,2
2880,5
2881,5
2882,2
2883,8
2884,3
2885,10
2886,4
2887,10
2888,6
2889,9
2890,9
2891,9
2892,4
2893,2
2894,9
2895,9
2896,5
2897,9
2898,9
2899,1
2900,0
2901,4
2902,0
2903,5
2904,4
2905,2
2906,5
2907,8
2908,9
2909,10
2910,6
2911,2
2912,2
2913,6
2914,4
2915,0
2916,8
2917,2
2918,7
2919,5
2920,0
2921,2
2922,6
2923,6
2924,9
2925,3
2926,5
2927,2
2928,4
2929,8
2930,5
2931,1
2932,2
2933,4
2934,4
2935,9
2936,10
2937,9
2938,10
2939,2
2940,10
2941,4
2942,9
2943,8
2944,9
2945,9
2946,6
2947,6
2948,9
2949,9
2950,3
2951,2
2952,5
2953,4
2954,0
2955,8
2956,5
2957,5
2958,4
2959,9
2960,2
2961,10
2962,9
2963,4
2964,9
2965,9
2966,8
2967,4
2968,7
2969,2
2970,8
2971,2
2972,9
2973,9
2974,9
2975,10
2976,8
2977,4
2978,4
2979,10
2980,10
2981,4
2982,10
2983,9
2984,2
2985,4
2986,2
2987,2
2988,9
2989,2
2990,9
2991,9
2992,4
2993,4
2994,5
2995,2
2996,6
2997,5
2998,6
2999,9
3000,2
3001,8
3002,4
3003,2
3004,1
3005,9
3006,9
3007,8
3008,10
3009,0
3010,9
3011,5
3012,4
3013,10
3014,10
3015,10
3016,8
3017,6
3018,9
3019,9
3020,8
3021,10
3022,2
3023,6
3024,4
3025,1
3026,2
3027,8
3028,5
3029,8
3030,3
3031,8
3032,4
3033,5
3034,9
3035,8
3036,5
3037,9
3038,2
3039,4
3040,2
3041,4
3042,9
3043,2
3044,9
3045,6
3046,9
3047,2
3048,9
3049,9
3050,8
3051,5
3052,4
3053,9
3054,9
3055,4
3056,4
3057,6
3058,2
3059,10
3060,4
3061,1
3062,5
3063,9
3064,1
3065,4
3066,5
3067,8
3068,2
3069,5
3070,4
3071,9
3072,4
3073,1
3074,9
3075,4
3076,0
3077,9
3078,5
3079,8
3080,0
3081,9
3082,2
3083,6
3084,0
3085,3
3086,2
3087,0
3088,5
3089,0
3090,2
3091,4
3092,2
3093,5
3094,9
3095,4
3096,4
3097,9
3098,4
3099,2
3100,9
3101,10
3102,1
3103,5
3104,4
3105,0
3106,9
3107,9
3108,4
3109,9
3110,3
3111,2
3112,0
3113,2
3114,2
3115,9
3116,9
3117,9
3118,5
3119,8
3120,9
3121,10
3122,9
3123,6
3124,8
3125,3
3126,10
3127,9
3128,7
3129,7
3130,9
3131,5
3132,4
3133,5
3134,5
3135,9
3136,9
3137,9
3138,9
3139,0
3140,8
3141,9
3142,2
3143,1
3144,5
3145,10
3146,2
3147,8
3148,9
3149,1
3150,2
3151,9
3152,2
3153,0
3154,9
3155,7
3156,3
3157,5
3158,4
3159,9
3160,2
3161,1
3162,8
3163,2
3164,2
3165,5
3166,5
3167,10
3168,4
3169,5
3170,9
3171,2
3172,8
3173,3
3174,2
3175,4
3176,9
3177,5
3178,9
3179,4
3180,9
3181,10
3182,0
3183,9
3184,4
3185,3
3186,6
3187,9
3188,5
3189,8
3190,9
3191,5
3192,9
3193,5
3194,7
3195,2
3196,9
3197,2
3198,3
3199,10
3200,9
3201,9
3202,7
3203,2
3204,4
3205,4
3206,8
3207,1
3208,7
3209,5
3210,2
3211,5
3212,9
3213,4
3214,0
3215,9
3216,8
3217,0
3218,5
3219,3
3220,2
3221,2
3222,5
3223,4
3224,5
3225,3
3226,9
3227,4
3228,10
3229,7
3230,8
3231,2
3232,9
3233,2
3234,2
3235,9
3236,9
3237,3
3238,4
3239,9
3240,2
3241,9
3242,5
3243,9
3244,10
3245,10
3246,1
3247,8
3248,5
3249,9
3250,6
3251,0
3252,5
3253,0
3254,10
3255,9
3256,10
3257,5
3258,3
3259,3
3260,9
3261,2
3262,1
3263,0
3264,5
3265,9
3266,5
3267,2
3268,9
3269,8
3270,4
3271,8
3272,0
3273,9
3274,1
3275,8
3276,2
3277,9
3278,0
3279,9
3280,2
3281,3
3282,10
3283,9
3284,9
3285,4
3286,5
3287,3
3288,9
3289,9
3290,8
3291,2
3292,8
3293,4
3294,1
3295,8
3296,9
3297,8
3298,9
3299,5
3300,5
3301,9
3302,4
3303,3
3304,6
3305,2
3306,4
3307,10
3308,4
3309,2
3310,2
3311,2
3312,2
3313,9
3314,10
3315,9
3316,3
3317,0
3318,2
3319,10
3320,2
3321,9
3322,5
3323,9
3324,5
3325,9
3326,9
3327,0
3328,1
3329,9
3330,9
3331,10
3332,9
3333,9
3334,3
3335,6
3336,9
3337,10
3338,10
3339,8
3340,10
3341,3
3342,6
3343,3
3344,2
3345,10
3346,2
